Dependent	HypothesisType	Source	DF	SS	MS	FValue	ProbF
fac1	1	decade	7	6070.513350	867.216193	60.76	<.0001
fac1	3	decade	7	6070.513350	867.216193	60.76	<.0001
