Dependent	HypothesisType	Source	DF	SS	MS	FValue	ProbF
fac4	1	decade	7	896.2718447	128.0388350	5.07	<.0001
fac4	3	decade	7	896.2718447	128.0388350	5.07	<.0001
