Dependent	HypothesisType	Source	DF	SS	MS	FValue	ProbF
fac5	1	decade	7	752.5582524	107.5083218	8.51	<.0001
fac5	3	decade	7	752.5582524	107.5083218	8.51	<.0001
