Dependent	HypothesisType	Source	DF	SS	MS	FValue	ProbF
fac6	1	decade	7	1557.592233	222.513176	17.41	<.0001
fac6	3	decade	7	1557.592233	222.513176	17.41	<.0001
