Dependent	HypothesisType	Source	DF	SS	MS	FValue	ProbF
fac8	1	decade	7	169.5036408	24.2148058	10.51	<.0001
fac8	3	decade	7	169.5036408	24.2148058	10.51	<.0001
