Dependent	HypothesisType	Source	DF	SS	MS	FValue	ProbF
fac2	1	decade	7	2953.203883	421.886269	44.75	<.0001
fac2	3	decade	7	2953.203883	421.886269	44.75	<.0001
