Dependent	HypothesisType	Source	DF	SS	MS	FValue	ProbF
fac3	1	decade	7	3925.377427	560.768204	43.76	<.0001
fac3	3	decade	7	3925.377427	560.768204	43.76	<.0001
