Dependent	HypothesisType	Source	DF	SS	MS	FValue	ProbF
fac5	1	decade	7	1324.500000	189.214286	14.18	<.0001
fac5	3	decade	7	1324.500000	189.214286	14.18	<.0001
