Dependent	HypothesisType	Source	DF	SS	MS	FValue	ProbF
fac6	1	decade	7	294.5133495	42.0733356	8.87	<.0001
fac6	3	decade	7	294.5133495	42.0733356	8.87	<.0001
