Dependent	HypothesisType	Source	DF	SS	MS	FValue	ProbF
fac2	1	decade	7	1009.658981	144.236997	4.17	0.0002
fac2	3	decade	7	1009.658981	144.236997	4.17	0.0002
