Dependent	HypothesisType	Source	DF	SS	MS	FValue	ProbF
fac7	1	decade	7	8552.523058	1221.789008	96.98	<.0001
fac7	3	decade	7	8552.523058	1221.789008	96.98	<.0001
