Dependent	HypothesisType	Source	DF	SS	MS	FValue	ProbF
fac7	1	decade	7	2142.901699	306.128814	54.29	<.0001
fac7	3	decade	7	2142.901699	306.128814	54.29	<.0001
