Dependent	HypothesisType	Source	DF	SS	MS	FValue	ProbF
fac8	1	decade	7	353.8640777	50.5520111	6.44	<.0001
fac8	3	decade	7	353.8640777	50.5520111	6.44	<.0001
