Effect	decade	N	Mean fac7	SD fac7
decade	1950	103	4.09708738	2.30308643
decade	1960	103	3.73786408	2.69335116
decade	1970	103	4.66019417	2.75308525
decade	1980	103	2.76699029	2.22377476
decade	1990	103	2.66019417	2.38275421
decade	2000	103	1.16504854	2.40137660
decade	2010	103	0.08737864	1.82631525
decade	2020	103	0.40776699	2.28994774
