Effect	decade	N	Mean fac8	SD fac8
decade	1950	103	-0.05825243	0.81439551
decade	1960	103	0.01941748	0.74070161
decade	1970	103	0.21359223	0.84772458
decade	1980	103	0.21359223	0.93568142
decade	1990	103	0.19417476	1.14667680
decade	2000	103	0.58252427	1.80154766
decade	2010	103	0.57281553	2.34563400
decade	2020	103	1.45631068	2.35886604
