Effect	decade	N	Mean fac4	SD fac4
decade	1950	103	6.05825243	4.69840449
decade	1960	103	5.45631068	4.54557897
decade	1970	103	4.95145631	4.29860589
decade	1980	103	5.75728155	4.74747821
decade	1990	103	4.97087379	4.56211232
decade	2000	103	5.60194175	5.11886133
decade	2010	103	7.46601942	5.73741681
decade	2020	103	7.97087379	6.19053089
