Effect	decade	N	Mean fac2	SD fac2
decade	1950	103	1.45631068	1.99890509
decade	1960	103	1.46601942	1.86723836
decade	1970	103	1.33980583	1.99289620
decade	1980	103	1.97087379	2.47519582
decade	1990	103	2.34951456	2.49983818
decade	2000	103	3.56310680	3.57461064
decade	2010	103	5.38834951	3.46193024
decade	2020	103	6.69902913	5.17883125
