Dependent	RSquare	CV	RootMSE	DepMean
fac2	0.034497	99.06116	5.884762	5.940534
