Dependent	RSquare	CV	RootMSE	DepMean
fac8	0.082699	380.1726	1.517922	0.399272
