Dependent	RSquare	CV	RootMSE	DepMean
fac1	0.155396	101.6312	5.752525	5.660194
