Dependent	RSquare	CV	RootMSE	DepMean
fac8	0.052335	225.4912	2.802221	1.242718
