Dependent	RSquare	CV	RootMSE	DepMean
fac6	0.129920	114.7241	3.575383	3.116505
