Dependent	RSquare	CV	RootMSE	DepMean
fac3	0.272926	176.9514	3.579829	2.023058
