Dependent	RSquare	CV	RootMSE	DepMean
fac6	0.070738	147.6735	2.177467	1.474515
