Dependent	RSquare	CV	RootMSE	DepMean
fac4	0.041685	83.34646	5.025063	6.029126
