Dependent	RSquare	CV	RootMSE	DepMean
fac7	0.454123	134.7193	3.549462	2.634709
