Dependent	RSquare	CV	RootMSE	DepMean
fac2	0.277419	101.3584	3.070275	3.029126
