Dependent	RSquare	CV	RootMSE	DepMean
fac5	0.108451	90.49864	3.652894	4.036408
