Dependent	RSquare	CV	RootMSE	DepMean
fac1	0.342630	97.07063	3.777980	3.891990
