Dependent	RSquare	CV	RootMSE	DepMean
fac5	0.068051	162.8697	3.553881	2.182039
