Dependent	RSquare	CV	RootMSE	DepMean
fac7	0.317761	97.00530	2.374511	2.447816
