Dependent	RSquare	CV	RootMSE	DepMean
fac4	0.147269	140.1684	3.102756	2.213592
