Dependent	HypothesisType	Source	DF	SS	MS	FValue	ProbF
fac5	1	decade	7	3.20113083	0.45730440	0.56	0.7867
fac5	3	decade	7	3.20113083	0.45730440	0.56	0.7867
