Dependent	HypothesisType	Source	DF	SS	MS	FValue	ProbF
fac1	1	decade	7	1595.927397	227.989628	64.10	<.0001
fac1	3	decade	7	1595.927397	227.989628	64.10	<.0001
