Dependent	HypothesisType	Source	DF	SS	MS	FValue	ProbF
fac3	1	decade	7	91.29427356	13.04203908	7.93	<.0001
fac3	3	decade	7	91.29427356	13.04203908	7.93	<.0001
