Dependent	HypothesisType	Source	DF	SS	MS	FValue	ProbF
fac6	1	decade	7	14.68999030	2.09857004	1.28	0.2587
fac6	3	decade	7	14.68999030	2.09857004	1.28	0.2587
