Dependent	HypothesisType	Source	DF	SS	MS	FValue	ProbF
fac2	1	decade	7	4.74950398	0.67850057	0.43	0.8816
fac2	3	decade	7	4.74950398	0.67850057	0.43	0.8816
