Effect	decade	N	Mean fac1	SD fac1
decade	1950	103	5.38834951	2.63547819
decade	1960	103	2.86407767	2.27108225
decade	1970	103	1.95145631	1.45102155
decade	1980	103	1.60194175	1.70546875
decade	1990	100	1.43000000	1.72477491
decade	2000	102	1.07843137	1.71589122
decade	2010	103	1.26213592	1.65660393
decade	2020	103	0.80582524	1.62732942
