Effect	decade	N	Mean fac8	SD fac8
decade	1950	103	0.80582524	1.65717840
decade	1960	103	0.33009709	1.02314729
decade	1970	103	0.12621359	0.78814266
decade	1980	103	0.13592233	0.59488908
decade	1990	100	0.04000000	0.65009712
decade	2000	102	0.15686275	0.80524393
decade	2010	103	0.16504854	0.57899655
decade	2020	103	0.24271845	0.74709922
