Effect	decade	N	Mean fac5	SD fac5
decade	1950	103	-0.15533981	1.70211680
decade	1960	103	-0.11650485	0.83197109
decade	1970	103	-0.07766990	0.80060419
decade	1980	103	-0.22330097	0.65577433
decade	1990	100	-0.20000000	0.69631062
decade	2000	102	-0.25490196	0.69916888
decade	2010	103	-0.19417476	0.64257833
decade	2020	103	-0.07766990	0.66699973
