Dependent	Source	DF	SS	MS	FValue	ProbF
fac4	Model	7	19.097919	2.728274	2.22	0.0306
fac4	Error	812	997.189886	1.228066	_	_
fac4	Corrected Total	819	1016.287805	_	_	_
