Dependent	Source	DF	SS	MS	FValue	ProbF
fac7	Model	7	28.3165762	4.0452252	5.02	<.0001
fac7	Error	812	654.1943994	0.8056581	_	_
fac7	Corrected Total	819	682.5109756	_	_	_
