Dependent	Source	DF	SS	MS	FValue	ProbF
fac2	Model	7	4.749504	0.678501	0.43	0.8816
fac2	Error	812	1271.605374	1.566016	_	_
fac2	Corrected Total	819	1276.354878	_	_	_
