Dependent	RSquare	CV	RootMSE	DepMean
fac8	0.057064	365.5547	0.918345	0.251220
