Dependent	RSquare	CV	RootMSE	DepMean
fac5	0.004825	-555.9437	0.901714	-0.162195
