Dependent	RSquare	CV	RootMSE	DepMean
fac6	0.010887	-710.3123	1.282027	-0.180488
