Dependent	RSquare	CV	RootMSE	DepMean
fac2	0.003721	-4461.534	1.251406	-0.028049
