Dependent	HypothesisType	Source	DF	SS	MS	FValue	ProbF
fac2	1	decade	7	11.20408533	1.60058362	1.16	0.3224
fac2	3	decade	7	11.20408533	1.60058362	1.16	0.3224
