Dependent	HypothesisType	Source	DF	SS	MS	FValue	ProbF
fac4	1	decade	7	19.09791910	2.72827416	2.22	0.0306
fac4	3	decade	7	19.09791910	2.72827416	2.22	0.0306
