Dependent	HypothesisType	Source	DF	SS	MS	FValue	ProbF
fac5	1	decade	7	24.51691563	3.50241652	1.92	0.0634
fac5	3	decade	7	24.51691563	3.50241652	1.92	0.0634
