Dependent	HypothesisType	Source	DF	SS	MS	FValue	ProbF
fac4	1	decade	7	13.39364577	1.91337797	1.48	0.1705
fac4	3	decade	7	13.39364577	1.91337797	1.48	0.1705
