Dependent	HypothesisType	Source	DF	SS	MS	FValue	ProbF
fac8	1	decade	7	41.44285625	5.92040804	7.02	<.0001
fac8	3	decade	7	41.44285625	5.92040804	7.02	<.0001
