Dependent	HypothesisType	Source	DF	SS	MS	FValue	ProbF
fac7	1	decade	7	26.17459185	3.73922741	4.52	<.0001
fac7	3	decade	7	26.17459185	3.73922741	4.52	<.0001
