Dependent	HypothesisType	Source	DF	SS	MS	FValue	ProbF
fac8	1	decade	7	15.33566078	2.19080868	3.40	0.0014
fac8	3	decade	7	15.33566078	2.19080868	3.40	0.0014
