Dependent	HypothesisType	Source	DF	SS	MS	FValue	ProbF
fac7	1	decade	7	28.31657622	4.04522517	5.02	<.0001
fac7	3	decade	7	28.31657622	4.04522517	5.02	<.0001
