Dependent	HypothesisType	Source	DF	SS	MS	FValue	ProbF
fac1	1	decade	7	1638.535715	234.076531	63.99	<.0001
fac1	3	decade	7	1638.535715	234.076531	63.99	<.0001
