Dependent	HypothesisType	Source	DF	SS	MS	FValue	ProbF
fac6	1	decade	7	2.53813533	0.36259076	0.38	0.9116
fac6	3	decade	7	2.53813533	0.36259076	0.38	0.9116
