Effect	decade	N	Mean fac4	SD fac4
decade	1950	103	-0.50485437	2.44898453
decade	1960	103	-0.00970874	1.24849043
decade	1970	103	-0.06796117	0.75747434
decade	1980	103	-0.12621359	0.68140011
decade	1990	100	-0.01000000	0.52213625
decade	2000	102	-0.11764706	0.63392722
decade	2010	103	-0.09708738	0.53347847
decade	2020	103	-0.01941748	0.48467864
