Effect	decade	N	Mean fac6	SD fac6
decade	1950	103	-0.04854369	2.45500146
decade	1960	103	-0.44660194	1.49985722
decade	1970	103	-0.16504854	1.10344458
decade	1980	103	0.02912621	1.02379830
decade	1990	100	-0.16000000	0.87293769
decade	2000	102	-0.21568627	0.65442063
decade	2010	103	-0.27184466	0.86539320
decade	2020	103	-0.16504854	0.79331876
