Dependent	Source	DF	SS	MS	FValue	ProbF
fac6	Model	7	14.689990	2.098570	1.28	0.2587
fac6	Error	812	1334.597815	1.643593	_	_
fac6	Corrected Total	819	1349.287805	_	_	_
