Dependent	Source	DF	SS	MS	FValue	ProbF
fac5	Model	7	3.2011308	0.4573044	0.56	0.7867
fac5	Error	812	660.2269180	0.8130873	_	_
fac5	Corrected Total	819	663.4280488	_	_	_
