Dependent	Source	DF	SS	MS	FValue	ProbF
fac1	Model	7	1595.927397	227.989628	64.10	<.0001
fac1	Error	812	2887.921384	3.556553	_	_
fac1	Corrected Total	819	4483.848780	_	_	_
