Dependent	RSquare	CV	RootMSE	DepMean
fac1	0.355928	91.93958	1.885883	2.051220
