Dependent	RSquare	CV	RootMSE	DepMean
fac1	0.355519	91.66155	1.912597	2.086585
