Dependent	RSquare	CV	RootMSE	DepMean
fac7	0.037539	402.9524	0.909100	0.225610
