Dependent	RSquare	CV	RootMSE	DepMean
fac4	0.018792	-927.2540	1.108182	-0.119512
