Dependent	RSquare	CV	RootMSE	DepMean
fac7	0.041489	385.3505	0.897585	0.232927
