Dependent	RSquare	CV	RootMSE	DepMean
fac2	0.009917	1887.156	1.173719	0.062195
