Dependent	RSquare	CV	RootMSE	DepMean
fac3	0.063990	266.8973	1.282409	0.480488
