Dependent	RSquare	CV	RootMSE	DepMean
fac8	0.028457	723.5690	0.802985	0.110976
