Dependent	RSquare	CV	RootMSE	DepMean
fac4	0.012605	-2741.482	1.136712	-0.041463
