Dependent	RSquare	CV	RootMSE	DepMean
fac6	0.003304	-581.1771	0.970991	-0.167073
