Dependent	RSquare	CV	RootMSE	DepMean
fac5	0.016290	-483.5140	1.350301	-0.279268
