Dependent	HypothesisType	Source	DF	SS	MS	FValue	ProbF
fac4	1	decade	7	1356.699029	193.814147	20.13	<.0001
fac4	3	decade	7	1356.699029	193.814147	20.13	<.0001
