Dependent	HypothesisType	Source	DF	SS	MS	FValue	ProbF
fac3	1	decade	7	714.6747573	102.0963939	9.33	<.0001
fac3	3	decade	7	714.6747573	102.0963939	9.33	<.0001
