Dependent	HypothesisType	Source	DF	SS	MS	FValue	ProbF
fac1	1	decade	7	4968.155340	709.736477	21.45	<.0001
fac1	3	decade	7	4968.155340	709.736477	21.45	<.0001
