Effect	decade	N	Mean fac3	SD fac3
decade	1950	103	2.00000000	1.78775793
decade	1960	103	2.80582524	2.71545415
decade	1970	103	2.41747573	2.52254257
decade	1980	103	2.88349515	2.83293297
decade	1990	103	5.23300971	4.41300192
decade	2000	103	3.28155340	3.15736759
decade	2010	103	2.33009709	4.09061180
decade	2020	103	2.79611650	4.05201287
