Dependent	Source	DF	SS	MS	FValue	ProbF
fac8	Model	7	169.503641	24.214806	10.51	<.0001
fac8	Error	816	1880.135922	2.304088	_	_
fac8	Corrected Total	823	2049.639563	_	_	_
