Dependent	RSquare	CV	RootMSE	DepMean
fac3	0.074097	111.4458	3.308209	2.968447
